{"cameraMode":{"drawMode":0,"name":"Shaded","section":"Shading Mode"},"sceneLighting":false,"audioPlay":false,"sceneViewState":{"showFog":false,"showMaterialUpdate":false,"showSkybox":false,"showFlares":false,"showImageEffects":false,"showParticleSystems":true},"in2DMode":false,"pivot":{"x":-8.689231872558594,"y":-0.08258628845214844,"z":-11.51294231414795},"rotation":{"x":-0.09155270457267761,"y":0.8502346277236939,"z":-0.15762579441070558,"w":-0.4938353896141052},"size":2.8578836917877199,"orthographic":false}