{"cameraMode":{"drawMode":0,"name":"Shaded","section":"Shading Mode"},"sceneLighting":true,"audioPlay":false,"sceneViewState":{"showFog":false,"showMaterialUpdate":false,"showSkybox":false,"showFlares":false,"showImageEffects":false,"showParticleSystems":true},"in2DMode":false,"pivot":{"x":-11.499723434448243,"y":-19.290916442871095,"z":-4.502288818359375},"rotation":{"x":-0.23614393174648286,"y":0.12118597328662873,"z":-0.029695970937609674,"w":-0.9636743068695068},"size":52.38855743408203,"orthographic":false}